<DATE>;<TIME>;<OPEN>;<HIGH>;<LOW>;<CLOSE>;<VOL>
240401;090000;2322.8;2326.8;2320.6;2324.2;161
240401;100000;2323.6;2325.4;2319.2;2319.2;98
240401;110000;2320.9;2321.4;2315.8;2317.5;57
240401;120000;2317.3;2318.4;2310.5;2312.3;62
240401;130000;2312.9;2314.5;2308.8;2310.5;94
240401;140000;2310.9;2315.8;2310.9;2312;87
240401;150000;2311.1;2314.5;2308.3;2312.3;78
240401;160000;2315.7;2322.9;2305.1;2310.6;224
240401;170000;2309.2;2309.2;2297.1;2304.2;213
240401;180000;2304.6;2306.3;2301.5;2304.7;61
240401;190000;2305.8;2309.1;2302.7;2302.9;183
240401;200000;2303.6;2305;2300.9;2304.7;36
240401;210000;2304;2305.8;2303.2;2304.3;45
240401;220000;2304;2308.8;2304;2308.8;16
240401;230000;2308.1;2313.5;2308.1;2311.3;323
240402;090000;2313.6;2315;2308.2;2310.7;1910
240402;100000;2310.9;2313.3;2308.8;2311.5;2970
240402;110000;2312;2318.1;2311.8;2312.1;3173
240402;120000;2312.1;2316.7;2310.3;2315;957
240402;130000;2314;2320;2311;2318;150
240402;140000;2317;2319;2314.8;2319;259
240402;150000;2319.5;2319.8;2313.6;2316;109
240402;160000;2315.7;2324.9;2315;2323.3;320
240402;170000;2322.5;2334.3;2319;2321.9;330
240402;180000;2321.6;2321.6;2314;2320.6;250
240402;190000;2321.8;2321.8;2311.4;2318.1;1118
240402;200000;2317.6;2324;2317.6;2323.3;97
240402;210000;2324.1;2328.4;2323.9;2326.9;175
240402;220000;2327.5;2334.3;2327.5;2332.1;121
240402;230000;2331;2337.4;2331;2337.4;110
240403;090000;2340.9;2340.9;2336;2336.8;154
240403;100000;2335.5;2335.6;2329.1;2331.1;269
240403;110000;2330.9;2339.8;2327.6;2335.3;234
240403;120000;2335.2;2337;2331.7;2334;230
240403;130000;2334;2335.4;2333;2334.2;42
240403;140000;2335;2336.6;2331.4;2335.6;56
240403;150000;2335.5;2336.3;2330;2334.9;178
240403;160000;2336.2;2338.5;2333;2336.7;160
240403;170000;2337.8;2344.4;2335;2342.4;270
240403;180000;2342;2346;2340.9;2344.1;1999
240403;190000;2346;2349.3;2343.4;2349;2599
240403;200000;2349.2;2350.1;2345.6;2349.4;92
240403;210000;2349.9;2352.8;2349.2;2352.1;272
240403;220000;2351.5;2352.7;2350.8;2352.3;99
240403;230000;2353;2355.3;2353;2353.3;741
240404;090000;2350.1;2351;2349;2350.8;228
240404;100000;2350.9;2353.7;2348.4;2349.5;172
240404;110000;2349.8;2352.4;2349.4;2351.2;182
240404;120000;2350.9;2355.2;2350.9;2354.6;130
240404;130000;2354.8;2356.6;2354.2;2355.9;366
240404;140000;2355.3;2356.1;2350;2350;66
240404;150000;2350.2;2353;2346.6;2351.9;169
240404;160000;2351.2;2353.9;2350;2351.3;70
240404;170000;2352.3;2362.7;2352.2;2358.2;477
240404;180000;2358.2;2358.3;2355;2355;40
240404;190000;2356.1;2357.3;2353.5;2353.5;178
240404;200000;2354;2359.9;2354;2359.9;38
240404;210000;2359.6;2367.3;2359.6;2366.7;273
240404;220000;2366.8;2366.8;2344.1;2348.4;312
240404;230000;2348.8;2354.4;2348.8;2352;44
240405;090000;2344;2348.5;2341.5;2344.1;161
240405;100000;2345;2355.1;2344.9;2354.9;902
240405;110000;2354.9;2356;2348.6;2350;101
240405;120000;2350.1;2355.6;2349.1;2354.4;125
240405;130000;2354.3;2358.1;2353.9;2356.4;115
240405;140000;2356.2;2356.9;2353;2353;35
240405;150000;2354.8;2356.9;2344.2;2350.9;235
240405;160000;2352;2363.2;2349.3;2362;169
240405;170000;2359.4;2377.2;2357.5;2369.4;4499
240405;180000;2368;2383.2;2368;2381;2352
240405;190000;2382.6;2384.7;2378.6;2384.7;498
240405;200000;2384.8;2388.1;2383.2;2384.5;122
240405;210000;2383.3;2386.3;2382.5;2384;55
240405;220000;2383.5;2383.5;2379.1;2382.5;110
240405;230000;2383;2389.7;2383;2389.3;104
240408;090000;2393.3;2395.7;2386.5;2392;333
240408;100000;2390.9;2395;2389.5;2392.1;187
240408;110000;2392.9;2397.3;2389.7;2391.6;222
240408;120000;2390.8;2393.5;2390.8;2393;33
240408;130000;2393.4;2398.2;2391.6;2395.7;149
240408;140000;2395;2397;2394;2394.6;62
240408;150000;2393.9;2395;2383.3;2388.1;247
240408;160000;2389;2395;2386.6;2387.9;112
240408;170000;2387.5;2390.8;2380.4;2390.8;303
240408;180000;2390.8;2391.9;2389.9;2390;30
240408;190000;2387.4;2390;2386.2;2388.7;26
240408;200000;2390.6;2397.1;2390.6;2396.5;71
240408;210000;2396.6;2400.6;2396.5;2397.2;88
240408;220000;2397.9;2400;2397.2;2398.4;52
240408;230000;2398.5;2400;2398.5;2399.7;22
240409;090000;2403.7;2404.1;2400.5;2400.9;181
240409;100000;2400.9;2409.2;2400.9;2407;828
240409;110000;2405.3;2413.2;2405;2411.3;863
240409;120000;2411.3;2417;2411.2;2416.4;763
240409;130000;2416.6;2417.9;2412.2;2412.2;421
240409;140000;2412;2412.7;2407.2;2412.6;202
240409;150000;2412;2415.4;2405.8;2411.6;288
240409;160000;2410;2419.8;2409.8;2414;191
240409;170000;2416.5;2421.1;2405.8;2411.8;333
240409;180000;2411.8;2411.8;2403.1;2403.6;111
240409;190000;2401.5;2407.2;2400.1;2404.7;116
240409;200000;2404.5;2409;2402.4;2407.2;112
240409;210000;2406.4;2410.5;2405.6;2410.5;41
240409;220000;2410;2411.1;2406.1;2411.1;44
240409;230000;2411.1;2413.3;2411.1;2413.3;46
240410;090000;2415.4;2417.8;2411.8;2413.9;131
240410;100000;2414;2414.9;2409.7;2409.7;61
240410;110000;2409.9;2411.6;2409.5;2411;98
240410;120000;2410;2410;2403.8;2406.8;174
240410;130000;2406.2;2407.4;2404.2;2404.2;94
240410;140000;2404.2;2408.2;2404;2405.7;45
240410;150000;2407.1;2408;2389.3;2395;571
240410;160000;2396;2396;2382.6;2394.1;578
240410;170000;2394.8;2407;2393.8;2402.2;370
240410;180000;2400.9;2400.9;2390.6;2397.6;239
240410;190000;2396.9;2398.9;2396;2397.7;52
240410;200000;2395.7;2402.3;2386;2397.1;268
240410;210000;2397.2;2399.1;2388.6;2389.3;165
240410;220000;2388.7;2391.7;2388.6;2391.7;81
240410;230000;2391.7;2393.7;2391.7;2392.1;80
240411;090000;2398.2;2399;2393;2394.7;166
240411;100000;2395;2398;2394.6;2394.7;48
240411;110000;2395.8;2395.8;2386.3;2388.9;284
240411;120000;2390.2;2394.7;2390.2;2392.2;120
240411;130000;2393;2400.5;2393;2400.5;111
240411;140000;2399.6;2403.4;2399.6;2402;98
240411;150000;2402.5;2407.2;2397.5;2405.5;442
240411;160000;2404.9;2410;2402.3;2406.8;241
240411;170000;2405.9;2409;2397.5;2403;195
240411;180000;2405;2409;2402.6;2407.9;78
240411;190000;2408;2414.7;2406.4;2413.2;166
240411;200000;2413.4;2420.7;2413.3;2420.2;273
240411;210000;2419.4;2428.5;2419.4;2424.9;521
240411;220000;2425.4;2437.3;2425.2;2436.1;199
240411;230000;2435.9;2442.8;2434.9;2442.8;153
240412;090000;2450;2454.8;2444.1;2454.5;802
240412;100000;2454.8;2458.9;2448.5;2457;380
240412;110000;2455;2455.1;2450.7;2453.4;55
240412;120000;2453.2;2457;2451.7;2455.4;283
240412;130000;2455.1;2461.8;2455.1;2458.2;187
240412;140000;2457.8;2457.8;2451.9;2455.6;119
240412;150000;2455.3;2461.3;2453;2460.9;208
240412;160000;2461.6;2471.7;2458;2470;551
240412;170000;2468;2494.6;2466.3;2493;1036
240412;180000;2492.8;2497.4;2456;2463.8;1067
240412;190000;2461.3;2463;2435;2449;1225
240412;200000;2449.6;2449.7;2424.5;2432.4;1198
240412;210000;2433;2433;2415.7;2420;889
240412;220000;2417.5;2425;2412.2;2422.9;474
240412;230000;2421;2423.1;2418.8;2421.2;204
240415;090000;2433.5;2435.2;2422.4;2424.6;402
240415;100000;2424.6;2424.6;2414.6;2420.1;303
240415;110000;2416.4;2423.4;2411;2418;192
240415;120000;2418.4;2419.2;2414.4;2415.6;102
240415;130000;2417.1;2422.5;2415;2422.5;61
240415;140000;2421.8;2426.6;2420.6;2422.6;214
240415;150000;2424.3;2425.2;2417;2421.9;149
240415;160000;2424.5;2427.9;2404;2407.9;589
240415;170000;2408.2;2412.2;2389.3;2408.4;1066
240415;180000;2406.3;2413.2;2403.4;2407.4;272
240415;190000;2410.3;2420;2405;2416.6;326
240415;200000;2415;2430;2414.3;2422;451
240415;210000;2423.4;2439;2421.7;2439;269
240415;220000;2435.6;2450.6;2435;2449.7;533
240415;230000;2449.6;2449.6;2440.1;2442.5;75
240416;090000;2445.1;2447;2428.9;2433.8;258
240416;100000;2434.7;2435.7;2421.4;2424.4;376
240416;110000;2426;2432.1;2423.9;2428.6;182
240416;120000;2429.1;2433.4;2427.9;2433.4;78
240416;130000;2432.9;2436.3;2430.5;2433;79
240416;140000;2434.8;2435.9;2430.8;2435.2;53
240416;150000;2434;2439.9;2430;2437;134
240416;160000;2435.3;2436.3;2427.3;2427.6;97
240416;170000;2427.8;2442.7;2424.4;2441.4;382
240416;180000;2442;2455.2;2440;2445;652
240416;190000;2449.2;2458.4;2448.4;2457.4;377
240416;200000;2457.3;2457.3;2441.8;2446.4;323
240416;210000;2447.2;2456.8;2447.2;2453.7;161
240416;220000;2452.3;2453.8;2448.6;2449.6;73
240416;230000;2449.6;2449.6;2444.1;2445.9;103
240417;090000;2439.2;2443.7;2433.6;2443;281
240417;100000;2443.7;2445.1;2441.2;2445.1;76
240417;110000;2444.6;2454.7;2444.6;2454.5;95
240417;120000;2454.2;2454.2;2450;2452.5;88
240417;130000;2452.1;2452.1;2447.2;2448.9;54
240417;140000;2449.6;2452.2;2447.9;2447.9;44
240417;150000;2447.7;2448.6;2441.9;2444.6;185
240417;160000;2444.9;2456.2;2444.6;2452.2;277
240417;170000;2451.1;2456;2448.5;2450.2;316
240417;180000;2453;2454.1;2445;2449.9;320
240417;190000;2446.8;2446.8;2423.1;2436.4;1237
240417;200000;2435.4;2440;2431.9;2436.2;568
240417;210000;2436.6;2441.1;2436.6;2437.2;298
240417;220000;2436.1;2436.4;2430.3;2436;223
240417;230000;2436.1;2436.2;2433.2;2434.3;71
240418;090000;2439;2441.9;2437.5;2441.9;202
240418;100000;2441.7;2442.7;2436.1;2439.3;180
240418;110000;2439.6;2441.6;2437.5;2438.9;341
240418;120000;2438.6;2440.7;2436.9;2440.1;77
240418;130000;2439.8;2444.5;2437.7;2443.2;106
240418;140000;2442.1;2444.1;2438.3;2440.7;93
240418;150000;2441;2445.5;2440.1;2444.2;171
240418;160000;2445;2448;2435;2438.5;646
240418;170000;2438.3;2442.3;2429.9;2439.5;588
240418;180000;2439.2;2442.2;2436.5;2439.8;328
240418;190000;2440;2445.4;2438.6;2444;394
240418;200000;2442.9;2443.9;2438.3;2440.6;249
240418;210000;2440.4;2440.4;2437.4;2438.4;251
240418;220000;2438.6;2442;2436.8;2440.1;368
240418;230000;2440.2;2440.2;2438;2438.2;81
240419;090000;2440.8;2448.3;2438.6;2448;195
240419;100000;2446;2449.8;2442.4;2443;220
240419;110000;2441.9;2445.1;2438.4;2442.6;238
240419;120000;2443.4;2444.7;2440.5;2441.1;104
240419;130000;2441.5;2443.3;2440.3;2442;74
240419;140000;2442;2442.4;2435.7;2441;489
240419;150000;2438.4;2446.2;2437.9;2443.1;105
240419;160000;2443.4;2444.2;2437.7;2439.1;397
240419;170000;2440.2;2447.2;2439.5;2444.2;438
240419;180000;2446.5;2451.1;2444.5;2447.1;222
240419;190000;2447;2454.4;2445.6;2453.6;148
240419;200000;2454.4;2456.9;2449.3;2450;239
240419;210000;2449.8;2453.6;2449.3;2453.6;98
240419;220000;2453.6;2453.8;2444.5;2446;130
240419;230000;2446.2;2449.4;2445.5;2449.4;88
240422;090000;2427;2427.3;2415.4;2419.6;1592
240422;100000;2419.3;2424;2418.4;2424;261
240422;110000;2424.1;2427;2422.8;2424.3;226
240422;120000;2424.5;2428.8;2424.5;2426.1;141
240422;130000;2425.9;2426.3;2423;2423.7;99
240422;140000;2423.5;2423.5;2406.9;2409.3;826
240422;150000;2408;2415.5;2402;2406.3;689
240422;160000;2405;2411.2;2400.1;2408.4;387
240422;170000;2407;2410.7;2401;2410.7;305
240422;180000;2408;2408.5;2400.9;2404.5;198
240422;190000;2402.6;2403.2;2395.5;2396.7;421
240422;200000;2397.5;2401;2395.9;2396;353
240422;210000;2395.7;2396.9;2392.9;2396;201
240422;220000;2396;2398.7;2396;2397.3;210
240422;230000;2396.8;2397.3;2394.4;2394.4;66
240423;090000;2375.9;2380.9;2368.4;2370.6;1559
240423;100000;2371;2377.9;2369.3;2376.7;530
240423;110000;2375.9;2375.9;2370.8;2371.8;197
240423;120000;2371;2372.2;2362.8;2365.5;737
240423;130000;2365.1;2373;2365;2372.6;246
240423;140000;2370.3;2370.6;2367.7;2370.6;192
240423;150000;2369.9;2380.5;2369.8;2377.9;256
240423;160000;2377.9;2392;2375.7;2391.8;618
240423;170000;2392.3;2392.4;2378.9;2383;852
240423;180000;2382.7;2388;2379.6;2387.5;191
240423;190000;2387;2392.5;2386.5;2392.5;445
240423;200000;2391.4;2392.6;2387.2;2388.2;204
240423;210000;2391.2;2391.6;2385.7;2385.7;59
240423;220000;2385.8;2386.8;2384.9;2385.8;95
240423;230000;2385.4;2386.8;2384.8;2386.1;48
240424;090000;2390.1;2392.9;2387.1;2388;191
240424;100000;2388;2388;2382.9;2383;147
240424;110000;2382.6;2382.6;2378.5;2382.1;213
240424;120000;2382.6;2382.8;2377.9;2382;352
240424;130000;2382.1;2384.9;2380;2381.6;93
240424;140000;2380.7;2382;2378.6;2380.8;87
240424;150000;2381.3;2386;2378;2385.6;216
240424;160000;2384.7;2388.1;2379.8;2384;474
240424;170000;2381.4;2389.4;2379.7;2388.7;410
240424;180000;2389.9;2396.8;2387.2;2389.7;380
240424;190000;2387.2;2388.9;2385.4;2388.9;91
240424;200000;2388.7;2393.6;2386;2386.8;164
240424;210000;2386.8;2386.8;2383.2;2384.2;209
240424;220000;2384.5;2387.4;2382;2383.2;148
240424;230000;2383.7;2383.8;2371;2372.8;120
240425;090000;2379.8;2385.8;2379.8;2385.8;188
240425;100000;2385.2;2387.7;2382.7;2387.5;86
240425;110000;2388;2389.9;2384.9;2385.9;375
240425;120000;2386.5;2386.5;2383.5;2384.2;125
240425;130000;2385.3;2388;2384.4;2387;60
240425;140000;2386.4;2389.4;2386.4;2388.1;60
240425;150000;2388.5;2392.8;2386;2389.7;221
240425;160000;2390.1;2390.1;2376;2382.3;628
240425;170000;2381.5;2402.5;2380.6;2391.8;1179
240425;180000;2390.8;2393.8;2386.2;2387.6;154
240425;190000;2388.9;2391.3;2383.3;2387.2;525
240425;200000;2385.1;2391;2385;2390.3;42
240425;210000;2390.6;2391.9;2388.7;2391;40
240425;220000;2391.1;2393;2388.6;2388.9;134
240425;230000;2389.5;2389.5;2388.1;2388.7;66
240426;090000;2394.4;2397.7;2393.4;2396.2;370
240426;100000;2396.2;2402.5;2393.5;2400.5;218
240426;110000;2400.7;2405;2399.4;2403;338
240426;120000;2403.3;2407.9;2403.3;2407;313
240426;130000;2407.4;2407.4;2402.4;2404;176
240426;140000;2404.9;2404.9;2401;2402.6;48
240426;150000;2402.8;2407.6;2399.6;2401.8;194
240426;160000;2403.9;2406.8;2396.8;2401.5;265
240426;170000;2402.3;2405;2393.5;2396.5;478
240426;180000;2397;2399.2;2394;2398.4;319
240426;190000;2399.7;2400.6;2396.5;2397.2;132
240426;200000;2396;2401.7;2396;2400.9;86
240426;210000;2400;2402.4;2400;2402;45
240426;220000;2400.3;2401.1;2398.2;2400.5;41
240426;230000;2400.9;2400.9;2399;2399.9;17
240427;090000;2401.6;2402.1;2401.4;2402.1;39
240427;100000;2402.1;2402.1;2400.1;2400.1;35
240427;110000;2400.1;2401.6;2399.3;2399.9;39
240427;120000;2400.1;2400.1;2399;2399.3;19
240427;130000;2399.1;2400;2398.5;2399.7;39
240427;140000;2399.9;2400;2399.6;2400;25
240427;150000;2399.6;2399.6;2398.7;2398.7;39
240427;160000;2398.6;2399;2398.3;2398.3;133
240427;170000;2398.8;2399;2398.6;2399;35
240427;180000;2399;2399.3;2398.7;2398.9;24
240427;190000;2398.2;2398.2;2396.5;2397.9;5
240427;200000;2398.5;2398.5;2397.9;2398.5;7
240427;210000;2398.3;2398.5;2398.1;2398.1;9
240427;220000;2397.9;2398.1;2397.9;2398.1;7
240427;230000;2398;2399;2397.9;2398.5;40
240429;090000;2394.6;2395.5;2390.4;2390.7;298
240429;100000;2392.2;2397.8;2391.7;2396.9;42
240429;110000;2396.9;2401;2396.6;2398.5;34
240429;120000;2398.4;2403;2397.3;2402.2;116
240429;130000;2402.2;2402.3;2400.4;2401;40
240429;140000;2401.2;2402.7;2396.4;2398;88
240429;150000;2398.4;2398.8;2391.9;2394.2;57
240429;160000;2394.1;2397.8;2389.9;2396;201
240429;170000;2396.6;2400.3;2396.6;2396.6;173
240429;180000;2398.3;2400;2395.3;2398.9;15
240429;190000;2402;2406.1;2401.1;2402.7;322
240429;200000;2403;2404.7;2400;2401.2;35
240429;210000;2402.2;2402.2;2398.1;2399.5;35
240429;220000;2399.5;2399.5;2394.5;2396.4;83
240429;230000;2397;2398;2397;2398;3
240430;090000;2385.6;2387;2381.3;2386.5;465
240430;100000;2386.3;2386.3;2379.8;2381.7;299
240430;110000;2382;2382.7;2376;2377;334
240430;120000;2378;2381.6;2378;2380.1;119
240430;130000;2378.9;2381.6;2378.6;2378.8;83
240430;140000;2378;2378.5;2371.6;2374.3;511
240430;150000;2373.7;2375.5;2368;2369;295
240430;160000;2369.4;2375.3;2366.8;2370.4;449
240430;170000;2370.4;2373.4;2362;2362;976
240430;180000;2362;2367.2;2362;2364;214
240430;190000;2364.5;2366;2361.9;2362.8;233
240430;200000;2363.3;2363.7;2358.5;2360.7;363
240430;210000;2362;2362.8;2356.7;2356.7;275
240430;220000;2356.5;2359;2355;2355.3;316
240430;230000;2357.2;2357.5;2351;2351.4;284
240502;090000;2372.8;2377.5;2368.1;2368.8;984
240502;100000;2370;2371.2;2364.3;2364.7;354
240502;110000;2364.9;2366.1;2356.4;2357.8;579
240502;120000;2357.8;2357.8;2352.4;2356;729
240502;130000;2355.9;2355.9;2350;2352.8;303
240502;140000;2353.6;2355.2;2349;2349.8;401
240502;150000;2349.8;2353.2;2345;2345.2;433
240502;160000;2345.6;2345.6;2338;2345;768
240502;170000;2344.7;2353.8;2341;2353.8;249
240502;180000;2355;2356;2349.7;2349.7;145
240502;190000;2348.2;2352.3;2347.8;2348.3;65
240502;200000;2349.7;2354.2;2348.7;2353.5;341
240502;210000;2353.6;2355.8;2351.3;2354.8;229
240502;220000;2354.9;2354.9;2349.1;2350.9;34
240502;230000;2349.1;2350.3;2348.9;2349.5;43
240503;090000;2352.7;2352.8;2345.2;2345.4;163
240503;100000;2345;2347.1;2342.4;2342.5;99
240503;110000;2342.2;2346.1;2342.2;2344.9;175
240503;120000;2345;2346;2341.8;2343.5;162
240503;130000;2343;2343;2340.2;2341;241
240503;140000;2341.9;2342;2338.9;2339.6;213
240503;150000;2339.6;2356.5;2336.4;2348.3;2409
240503;160000;2348.3;2351.2;2327.9;2337.2;1670
240503;170000;2338;2346.8;2331.7;2337.7;443
240503;180000;2338.3;2343;2337;2340.1;336
240503;190000;2340.8;2343.8;2338.2;2342.4;326
240503;200000;2342.7;2347.1;2341;2346.8;105
240503;210000;2346.8;2347.6;2342.9;2343.7;105
240503;220000;2342.2;2345.6;2341.6;2345.6;28
240503;230000;2345.9;2347.2;2344.6;2345.7;192
240506;090000;2354.9;2356.9;2354.2;2356.5;566
240506;100000;2356.6;2366.7;2355.4;2366;543
240506;110000;2366;2366.4;2357.9;2359;283
240506;120000;2358.9;2362.7;2356.7;2362.5;138
240506;130000;2362.3;2363.1;2360.2;2361.1;65
240506;140000;2362.5;2364.6;2358.6;2359.7;134
240506;150000;2359.6;2370.8;2357.4;2365.6;297
240506;160000;2366.6;2373.1;2364;2368;234
240506;170000;2369.8;2370;2362.4;2363.7;148
240506;180000;2363.4;2367.5;2363.1;2367.5;92
240506;190000;2368.5;2369.3;2357.8;2367.8;156
240506;200000;2367.6;2369.5;2365.2;2368.8;231
240506;210000;2368.5;2369.5;2367;2368;39
240506;220000;2368;2370;2368;2369;50
240506;230000;2368.8;2372;2368.3;2369.3;35
240507;090000;2365;2365;2361.8;2363.2;95
240507;100000;2362.9;2365;2360.3;2361.9;151
240507;110000;2362.5;2362.5;2357;2359;223
240507;120000;2359.6;2360.2;2357.8;2358.4;39
240507;130000;2357.7;2360.3;2356.8;2360.3;48
240507;140000;2358.8;2361.4;2357.3;2357.6;90
240507;150000;2357.3;2360.7;2355.7;2359.7;97
240507;160000;2361;2366;2360.8;2361.5;259
240507;170000;2363;2363.8;2356.2;2357.1;44
240507;180000;2359.2;2360.2;2355.9;2355.9;129
240507;190000;2355;2357.3;2353.6;2354.9;133
240507;200000;2355.1;2358.2;2353;2355.1;159
240507;210000;2355;2355.8;2354.4;2355.7;38
240507;220000;2356.5;2356.5;2354.1;2356;170
240507;230000;2356.8;2356.8;2355.3;2355.8;34
240508;090000;2358.4;2360;2355;2355.4;121
240508;100000;2355.2;2356.7;2351.1;2351.6;442
240508;110000;2351;2353;2348.9;2350.1;296
240508;120000;2351.2;2352.4;2350.5;2351.7;168
240508;130000;2351.9;2356;2351.9;2355.5;124
240508;140000;2356.1;2357.3;2352.9;2353.5;173
240508;150000;2353.8;2356.6;2353;2353.4;207
240508;160000;2354.6;2355.4;2347.8;2350.9;382
240508;170000;2350.9;2356.7;2350;2356.3;140
240508;180000;2354;2358.3;2352.1;2358.2;102
240508;190000;2357.8;2358.8;2355;2356.1;49
240508;200000;2356.1;2356.1;2353.1;2354.2;23
240508;210000;2353.1;2354.1;2352.1;2353.8;46
240508;220000;2353.8;2353.8;2350.3;2350.3;75
240508;230000;2350.6;2351.4;2350.5;2350.7;26
240510;090000;2394.3;2400.5;2392.5;2400.5;1057
240510;100000;2400.7;2401.3;2397.1;2399;523
240510;110000;2398.6;2402.6;2398;2401.1;233
240510;120000;2401.6;2405.6;2400.4;2402.2;293
240510;130000;2402.4;2405.8;2402.3;2403.4;288
240510;140000;2402.5;2403.4;2401.3;2401.5;150
240510;150000;2401.9;2404.3;2394.8;2398.4;274
240510;160000;2396.5;2401.9;2393.7;2399.3;221
240510;170000;2400;2403.3;2393;2395.1;246
240510;180000;2394.9;2398.5;2392;2397.6;225
240510;190000;2396;2401.3;2395.5;2400.2;177
240510;200000;2400.3;2402;2399;2400.8;72
240510;210000;2402.3;2402.3;2400;2401.5;47
240510;220000;2399.9;2400;2396.7;2397.2;52
240510;230000;2397.7;2399.9;2396.1;2397.3;70
240513;090000;2388.1;2389.6;2384;2385.2;477
240513;100000;2384.8;2387.7;2382.8;2384;1001
240513;110000;2383.6;2384.9;2377.5;2379.6;864
240513;120000;2379.9;2380.7;2374.2;2375.3;323
240513;130000;2376;2379.4;2375.9;2378.8;161
240513;140000;2377.8;2382.6;2375.1;2380.8;369
240513;150000;2379.8;2384;2379.5;2382.1;270
240513;160000;2383;2383.6;2375.2;2376.7;815
240513;170000;2378;2379.7;2374;2377.8;784
240513;180000;2377.4;2377.4;2367.8;2369.5;716
240513;190000;2370.9;2373.4;2370.1;2372.8;116
240513;200000;2372.3;2373.1;2370.6;2371.7;90
240513;210000;2371.9;2372.9;2371.9;2372.3;35
240513;220000;2372.3;2373.6;2372.2;2373.2;27
240513;230000;2372.5;2372.5;2371;2371.7;24
240514;090000;2378.6;2379.4;2373;2373.4;257
240514;100000;2372.7;2373.9;2371;2372.1;192
240514;110000;2372.9;2379.3;2371.8;2379;380
240514;120000;2379;2381.1;2377.5;2379.6;2428
240514;130000;2378.2;2380.3;2376.8;2380;574
240514;140000;2379.9;2379.9;2374.9;2376.3;1259
240514;150000;2377.4;2381.7;2371;2380;850
240514;160000;2378.2;2384.6;2376;2383.4;202
240514;170000;2384.8;2387.5;2379.8;2383;342
240514;180000;2381.8;2382.3;2379.5;2381.4;74
240514;190000;2381.3;2384.9;2376.6;2384.9;151
240514;200000;2384.7;2386.2;2382.7;2386.1;42
240514;210000;2386.2;2389.5;2386.2;2387.2;130
240514;220000;2386.9;2386.9;2385;2385.2;160
240514;230000;2385.6;2388.2;2385.6;2387.5;24
240515;090000;2387.5;2388.8;2386.1;2387.5;108
240515;100000;2388;2393;2386.2;2386.4;1833
240515;110000;2386.5;2393;2386.4;2392.5;2416
240515;120000;2392.7;2394.1;2391.9;2392.6;1146
240515;130000;2393.3;2393.3;2388.3;2389.2;433
240515;140000;2389.2;2391.3;2387.2;2388.2;378
240515;150000;2387.9;2402;2383.8;2393.8;1040
240515;160000;2392.5;2395;2376;2382;1076
240515;170000;2382;2394;2379.6;2394;980
240515;180000;2394;2404.7;2393.6;2399.3;910
240515;190000;2396.4;2407.1;2396.4;2403.9;430
240515;200000;2404.1;2411.3;2404.1;2410.8;390
240515;210000;2410.6;2410.6;2404;2406;334
240515;220000;2406.2;2409.2;2405.5;2409;128
240515;230000;2409;2410.1;2408.2;2409.1;42
240516;090000;2411;2412.1;2406.6;2407.2;407
240516;100000;2407.2;2410.1;2404.7;2407.8;296
240516;110000;2407.8;2410.1;2404.2;2404.2;251
240516;120000;2404.7;2405.9;2403.8;2404.8;118
240516;130000;2404.6;2406;2402;2405;232
240516;140000;2405;2407.3;2402.7;2405;111
240516;150000;2404.7;2407.5;2403.1;2404.4;667
240516;160000;2402.7;2405;2397.4;2398.9;530
240516;170000;2401.4;2402.6;2394.1;2396.4;1589
240516;180000;2399;2405.1;2398.6;2404.9;160
240516;190000;2402.7;2406.8;2401.6;2404.5;183
240516;200000;2404.5;2404.5;2402.2;2403.1;45
240516;210000;2403.7;2404;2401.1;2403;53
240516;220000;2402.5;2404.2;2401.8;2401.8;34
240516;230000;2401.8;2401.8;2400;2401;176
240517;090000;2404;2408.8;2402.8;2408.1;381
240517;100000;2408.2;2409.5;2404.5;2405;197
240517;110000;2405;2407.9;2403.4;2406.3;121
240517;120000;2406.6;2408.6;2405.2;2405.2;64
240517;130000;2404.6;2406.9;2403.1;2406.2;345
240517;140000;2406.2;2411.3;2406.1;2411;291
240517;150000;2411.2;2414.8;2408.2;2414.8;457
240517;160000;2414.8;2420;2412.5;2416.7;722
240517;170000;2416.6;2429.5;2414.8;2428;673
240517;180000;2428.1;2432.7;2422.6;2427;502
240517;190000;2430;2432;2426.4;2426.9;202
240517;200000;2425.4;2432;2425;2431.8;276
240517;210000;2432.2;2436.3;2430.5;2434.7;333
240517;220000;2434;2434.3;2429.3;2433;200
240517;230000;2433;2437;2431.5;2432.2;183
240520;090000;2464.5;2465.2;2447.7;2454.2;1837
240520;100000;2454.1;2457;2450.2;2452.8;791
240520;110000;2453;2455.3;2451;2454.6;640
240520;120000;2454.4;2462.1;2453.4;2457.3;508
240520;130000;2457.7;2458;2445.1;2449.6;675
240520;140000;2449.4;2450.7;2443.1;2445.7;879
240520;150000;2445.7;2445.7;2429.1;2435.6;1090
240520;160000;2435.4;2443.2;2432.3;2440.2;540
240520;170000;2440;2446;2435.9;2445.5;441
240520;180000;2445.2;2449.9;2441.2;2446.3;310
240520;190000;2445.7;2448.6;2443.5;2447.7;83
240520;200000;2448.1;2456.6;2447.6;2455.6;569
240520;210000;2455.9;2457;2452.1;2454.1;242
240520;220000;2454.8;2454.8;2447.3;2447.8;119
240520;230000;2447.2;2448;2444;2446;68
240521;090000;2436.7;2439.9;2431;2433;529
240521;100000;2433.3;2443.6;2431;2440.6;408
240521;110000;2440.9;2441.7;2436.6;2441.7;689
240521;120000;2439.8;2441.9;2435.1;2438;290
240521;130000;2438;2441;2437.7;2440.7;207
240521;140000;2441.4;2444.8;2438.8;2444.7;153
240521;150000;2444.8;2449.6;2443.7;2446.9;430
240521;160000;2446.6;2451.7;2442.5;2448.7;780
240521;170000;2447.4;2452;2446.8;2451;131
240521;180000;2451;2455;2442.8;2445.9;605
240521;190000;2441.8;2444.1;2438.8;2444.1;129
240521;200000;2442.4;2444;2440;2441.9;171
240521;210000;2441;2443.1;2439.8;2443.1;61
240521;220000;2443.5;2445.3;2443.5;2443.8;138
240521;230000;2443;2443.4;2442;2443.4;12
240522;090000;2438.5;2439.5;2436;2438.5;256
240522;100000;2439.1;2441.9;2436;2439.8;327
240522;110000;2440.2;2440.2;2433.6;2440.2;289
240522;120000;2440.2;2442.2;2438.4;2442.2;164
240522;130000;2442.6;2444.4;2437.8;2437.8;212
240522;140000;2437.7;2438.1;2429.1;2432.3;450
240522;150000;2432.6;2437;2432.5;2434.6;1019
240522;160000;2434.9;2435;2429.7;2434.7;235
240522;170000;2434.5;2434.5;2408.4;2410.5;2638
240522;180000;2410.2;2416.3;2408.1;2410.2;747
240522;190000;2411.5;2415;2409.7;2413;269
240522;200000;2413.8;2414.1;2406;2407.9;341
240522;210000;2407.8;2410;2397.5;2400.4;670
240522;220000;2400.4;2403.1;2400.3;2402.5;407
240522;230000;2401.3;2402.9;2400.6;2400.6;70
240523;090000;2383.9;2392.3;2378.8;2388.8;1045
240523;100000;2388.5;2388.5;2381.6;2382;351
240523;110000;2382.2;2386;2380.7;2385;301
240523;120000;2384.5;2388.8;2383;2384.8;209
240523;130000;2386.7;2390;2386.5;2388.6;115
240523;140000;2389.6;2391;2387.7;2388.5;123
240523;150000;2389.5;2390.8;2382.6;2386;261
240523;160000;2384.7;2393;2374.5;2380;758
240523;170000;2381.2;2385.1;2366.7;2370.5;876
240523;180000;2370.9;2371.8;2364.8;2369.9;674
240523;190000;2372.1;2374.1;2363.5;2365.2;511
240523;200000;2365.2;2366.5;2355.4;2355.4;559
240523;210000;2355;2360.3;2355;2358.4;433
240523;220000;2358;2358;2355.5;2355.5;292
240523;230000;2355.5;2356.3;2350;2351.3;253
240524;090000;2360.1;2361.5;2357.7;2360.7;486
240524;100000;2360.5;2366.1;2360.1;2362.9;1312
240524;110000;2361.2;2362.8;2359.2;2362.5;316
240524;120000;2362.6;2363.6;2360.2;2361;174
240524;130000;2360.9;2367;2360.9;2363.6;274
240524;140000;2364;2364.8;2361.3;2361.5;278
240524;150000;2361.7;2364.2;2358.8;2362.6;227
240524;160000;2363.3;2368.7;2359.7;2360.4;448
240524;170000;2363;2363.1;2356.8;2361.2;362
240524;180000;2362.1;2364;2358.8;2359.7;201
240524;190000;2359.4;2361.9;2358.6;2359.2;247
240524;200000;2359;2359.3;2355;2355.4;148
240524;210000;2355.4;2360.3;2355.4;2358.1;116
240524;220000;2358;2358;2355.7;2358;49
240524;230000;2358;2359.7;2358;2359.7;39
240527;090000;2365.9;2367.4;2365;2365.9;399
240527;100000;2365.3;2365.3;2361.5;2364;419
240527;110000;2364;2369.5;2364;2368.5;509
240527;120000;2368.2;2369.5;2366.9;2367.2;92
240527;130000;2367.2;2369.2;2367.2;2368.9;79
240527;140000;2368.6;2368.9;2367.2;2368.2;67
240527;150000;2367.5;2373.3;2367.5;2371;358
240527;160000;2371.6;2378;2369.4;2376.3;506
240527;170000;2376.7;2380.3;2375.6;2376;820
240527;180000;2376;2378.1;2373.9;2375;232
240527;190000;2375.9;2377.4;2375.7;2376.7;192
240527;200000;2376.3;2376.9;2375;2376.9;75
240527;210000;2377.3;2377.3;2372.2;2374.2;184
240527;220000;2374.4;2375.5;2373;2374;14
240527;230000;2374.3;2375.4;2374;2375.4;88
240528;090000;2373;2373;2363;2363.2;463
240528;100000;2363.6;2366.6;2363.5;2366.4;199
240528;110000;2366.1;2366.8;2362;2366.4;508
240528;120000;2367;2368.4;2364.7;2368.1;160
240528;130000;2367.8;2369;2366.6;2368.9;110
240528;140000;2368.4;2373;2367.9;2372.9;150
240528;150000;2372.7;2380.9;2372;2378;907
240528;160000;2378;2388;2376.7;2381;2021
240528;170000;2380.8;2384.6;2374;2383.9;1645
240528;180000;2382.8;2388.7;2381;2388.7;471
240528;190000;2387.3;2388.8;2381.2;2384.3;209
240528;200000;2382;2387.1;2379.7;2384;223
240528;210000;2383.1;2384.8;2379.6;2384.8;93
240528;220000;2383.7;2387.2;2382.5;2386.2;149
240528;230000;2386.8;2387.7;2385.7;2387.7;36
240529;090000;2385.2;2385.2;2378.2;2382;223
240529;100000;2382;2382.9;2376.9;2376.9;440
240529;110000;2377.7;2378.8;2372.7;2373;181
240529;120000;2372.6;2375.9;2370;2375.8;1016
240529;130000;2375;2376.4;2372.5;2375.9;186
240529;140000;2375;2375;2367.5;2369.8;382
240529;150000;2369.5;2372.5;2364.3;2366;522
240529;160000;2365.6;2372.7;2364.4;2371.3;419
240529;170000;2371.3;2371.6;2367.1;2368.5;247
240529;180000;2368.5;2368.5;2363.6;2366.4;525
240529;190000;2364.8;2367.3;2361.8;2367.3;193
240529;200000;2367.6;2369.1;2365.3;2368.6;143
240529;210000;2368.8;2368.8;2363.2;2363.6;74
240529;220000;2363.4;2365.2;2362.8;2363.3;246
240529;230000;2362.8;2363.9;2362.8;2363.4;76
240530;090000;2353;2359.7;2349.1;2358.7;1097
240530;100000;2358.5;2361.8;2356.7;2358.5;363
240530;110000;2358.3;2361.5;2355.3;2361.5;410
240530;120000;2360.3;2362.2;2358.2;2359.2;241
240530;130000;2359.1;2365.5;2356.9;2365.5;673
240530;140000;2365.4;2365.5;2362.3;2364.1;383
240530;150000;2364.1;2371.6;2360.8;2369.7;704
240530;160000;2370.2;2375;2367;2374.8;606
240530;170000;2375;2378;2368.8;2369.4;767
240530;180000;2369.6;2370.8;2366.6;2368.4;296
240530;190000;2366;2373;2362.4;2373;210
240530;200000;2373;2374.4;2367.7;2369.6;194
240530;210000;2369.7;2369.7;2365.3;2368.3;439
240530;220000;2367.6;2368.4;2366.4;2367.8;96
240530;230000;2367.5;2368.7;2366.5;2368.7;65
240531;090000;2367.3;2372.6;2367;2371.9;416
240531;100000;2371.7;2371.8;2368.5;2368.8;662
240531;110000;2368.5;2372;2368.5;2372;164
240531;120000;2370;2374.9;2370;2370.6;243
240531;130000;2370.6;2372.7;2369.8;2372;251
240531;140000;2371.8;2372.7;2369.9;2372.6;186
240531;150000;2372.6;2384.7;2371.7;2383.8;1173
240531;160000;2383.5;2387.3;2374;2377.6;1070
240531;170000;2378.1;2378.1;2362.5;2362.5;2029
240531;180000;2362.5;2363.7;2354.1;2358.2;1117
240531;190000;2358.8;2362.5;2357.2;2359.4;575
240531;200000;2359.5;2360.7;2350.3;2353.5;570
240531;210000;2353;2355;2349.3;2350.5;474
240531;220000;2350;2353.9;2346.3;2353.9;461
240531;230000;2355;2356.5;2354.1;2356;416
240603;090000;2347.1;2347.1;2337.6;2345.5;2148
240603;100000;2345.5;2352;2345.5;2349.7;1308
240603;110000;2349.7;2353.3;2349.7;2352.2;608
240603;120000;2352.5;2357.4;2352.5;2356.5;1044
240603;130000;2356.5;2362.7;2355.2;2361.4;1422
240603;140000;2361.2;2362.7;2358;2359.4;498
240603;150000;2358;2362.7;2353.4;2362.3;729
240603;160000;2362.6;2365.4;2358.6;2361.6;665
240603;170000;2362.5;2372.3;2362.5;2368;1097
240603;180000;2367.5;2370.7;2363.3;2368.3;375
240603;190000;2368.2;2376.7;2367.6;2375.3;906
240603;200000;2375.5;2379.4;2372.5;2373.6;745
240603;210000;2373.8;2374.5;2371.5;2373.6;215
240603;220000;2373.7;2374.7;2368.6;2371;458
240603;230000;2371.4;2375.5;2371.4;2375.5;148
240604;090000;2371.4;2377.2;2369.3;2369.4;430
240604;100000;2369.4;2370.3;2367;2367;823
240604;110000;2367;2367.3;2361.3;2362.6;929
240604;120000;2361.9;2362.8;2356.7;2359.9;907
240604;130000;2360.6;2362.8;2357.1;2358;715
240604;140000;2358;2358.1;2353.8;2356.4;639
240604;150000;2356;2366.3;2356;2366;953
240604;160000;2366.5;2367.8;2350.6;2352.2;1555
240604;170000;2353.6;2359.8;2344;2348.1;2362
240604;180000;2348.6;2356.4;2348.1;2355.1;543
240604;190000;2357.1;2357.1;2350;2350.9;319
240604;200000;2352.1;2357.2;2350.8;2355.8;156
240604;210000;2355.9;2356.8;2352.6;2355.5;184
240604;220000;2355;2355.5;2353.9;2355.3;77
240604;230000;2355.4;2360;2353.1;2354.4;280
240605;090000;2364.9;2364.9;2356.7;2360.6;796
240605;100000;2359.7;2360.5;2355;2359.2;566
240605;110000;2359.3;2361.5;2358.9;2359.2;309
240605;120000;2359.3;2360.7;2358.7;2359.9;308
240605;130000;2360.2;2363.3;2357.2;2361;232
240605;140000;2361;2363.6;2360.1;2361.5;1562
240605;150000;2361.7;2373.4;2361.7;2371;1480
240605;160000;2371.2;2372.9;2366.4;2372;910
240605;170000;2370.9;2376.9;2364.5;2375.1;1186
240605;180000;2375.6;2383.5;2375.6;2382;1065
240605;190000;2380.8;2381.1;2377.7;2378.2;418
240605;200000;2378.6;2381.8;2378.1;2381.6;168
240605;210000;2381.3;2382.9;2379.5;2382.5;462
240605;220000;2381.7;2382.5;2379.9;2380.8;184
240605;230000;2381.3;2382;2379.3;2382;96
240606;090000;2390.3;2394;2387.3;2391.6;973
240606;100000;2392;2394.4;2388.6;2388.8;524
240606;110000;2388.8;2390;2387.2;2390;317
240606;120000;2390;2391;2386.3;2388.4;877
240606;130000;2388.4;2389.3;2386.8;2389.2;240
240606;140000;2387.7;2389.6;2387.3;2387.5;148
240606;150000;2387.5;2392.4;2384;2385.3;630
240606;160000;2386.7;2395.9;2382;2392.7;2463
240606;170000;2391.9;2395.6;2388.5;2394.8;581
240606;180000;2395.4;2409.5;2395.4;2407.5;2030
240606;190000;2404.7;2409.2;2401.4;2403.5;1005
240606;200000;2404;2405.9;2402.7;2405;702
240606;210000;2404.9;2406.8;2401.6;2405.6;423
240606;220000;2405.5;2408.4;2405;2405.8;275
240606;230000;2405.9;2408.6;2405.9;2408.3;698
240607;090000;2407.7;2409.6;2405.5;2408;810
240607;100000;2407.1;2410.9;2404.6;2404.9;676
240607;110000;2404.7;2404.7;2379.8;2384.6;4088
240607;120000;2384.5;2384.5;2374.2;2375.3;1555
240607;130000;2375.7;2375.8;2367.6;2367.9;1625
240607;140000;2367.9;2375.9;2366.8;2374.7;1728
240607;150000;2373.9;2376.5;2351.8;2356.9;3562
240607;160000;2357;2365.8;2341.1;2347.5;3714
240607;170000;2347.5;2357;2345.7;2350;1534
240607;180000;2350;2352.9;2342.6;2343.8;1065
240607;190000;2342;2348.5;2339;2346.5;1460
240607;200000;2346.5;2346.6;2338.3;2340;860
240607;210000;2341.5;2341.6;2332.2;2333;1221
240607;220000;2333;2333.4;2320.2;2320.2;1206
240607;230000;2321.3;2328.6;2320.5;2327.1;1085
240610;090000;2330;2333.9;2322.8;2325.8;2502
240610;100000;2326.9;2332.2;2326.1;2330.6;1067
240610;110000;2330.6;2335.8;2330.4;2330.8;3016
240610;120000;2330.7;2338.3;2330;2336.4;1363
240610;130000;2336.4;2340.4;2336;2340.4;1073
240610;140000;2340.7;2351.9;2340.4;2351.7;3514
240610;150000;2351.9;2356.6;2350.3;2352.6;2055
240610;160000;2352.9;2354.7;2346.8;2352.2;1898
240610;170000;2352.4;2353.7;2347.5;2351;865
240610;180000;2351.3;2356.8;2349.6;2354.4;884
240610;190000;2357;2362.7;2356.9;2360.8;1384
240610;200000;2360.6;2360.6;2356.5;2359;738
240610;210000;2358.9;2358.9;2356.3;2357.1;350
240610;220000;2358.5;2359.3;2355.7;2355.9;135
240610;230000;2355.8;2356.4;2354.9;2355.5;278
240611;090000;2345.9;2351.3;2343.6;2349.8;1104
240611;100000;2349.9;2353.9;2349.9;2353.1;663
240611;110000;2353.3;2357.5;2352.3;2357.5;1067
240611;120000;2357.1;2358;2350.4;2355.7;1708
240611;130000;2355.8;2359.5;2355;2357.5;1177
240611;140000;2357.1;2357.5;2355.8;2356.7;1594
240611;150000;2357.5;2371.2;2357.5;2368.3;2776
240611;160000;2368.5;2371.1;2362.2;2366.3;1734
240611;170000;2366.6;2371.3;2365.5;2368.6;3139
240611;180000;2368.6;2368.7;2364.4;2364.9;2809
240611;190000;2366;2366.4;2358.2;2362.9;836
240611;200000;2362;2366.6;2361.8;2366.5;412
240611;210000;2366.4;2368.7;2365.5;2367.7;424
240611;220000;2367.7;2368.5;2364.7;2368;337
240611;230000;2367.4;2369.9;2367.4;2369.9;733
240613;100000;2362;2367.1;2359.9;2364.9;5546
240613;110000;2364.5;2365;2361.5;2362.5;4241
240613;120000;2362.4;2365.9;2362.4;2364.2;1664
240613;130000;2364.1;2368;2364.1;2364.7;1256
240613;140000;2364.8;2364.8;2349.5;2354.6;5917
240613;150000;2354.2;2373.9;2353;2367.8;8296
240613;160000;2367.8;2367.8;2352;2354.5;15330
240613;170000;2354.6;2358.8;2351;2357.8;2420
240613;180000;2357.8;2363.3;2347.5;2348.6;2253
240613;190000;2347.8;2347.8;2340;2342;2220
240613;200000;2342;2346.9;2342;2345;1163
240613;210000;2344.7;2348.6;2343.8;2347.4;714
240613;220000;2347;2347.8;2345.9;2347;278
240613;230000;2346.6;2348.1;2346;2348.1;235
240614;100000;2353.8;2360.9;2351.4;2358.6;2998
240614;110000;2358.7;2366.5;2358.7;2360.5;2854
240614;120000;2360.5;2367.3;2360;2364.2;2587
240614;130000;2364.9;2376.6;2364;2374.3;3713
240614;140000;2374;2380.5;2371.2;2375.7;3021
240614;150000;2375.4;2378.2;2372.3;2375;2540
240614;160000;2374.4;2379.2;2369.4;2375;3068
240614;170000;2376.4;2381.9;2373.8;2376.4;2894
240614;180000;2376.6;2378.5;2372.4;2373.5;1411
240614;190000;2375;2378.2;2374.5;2375;793
240614;200000;2375.2;2381;2374.7;2378.9;1109
240614;210000;2379;2380.6;2377.3;2380.2;843
240614;220000;2380;2380;2376.9;2376.9;1471
240614;230000;2376.8;2378;2375.7;2377.5;790
240617;100000;2364;2370.2;2361.2;2366.4;7507
240617;110000;2366.6;2373;2366;2371.6;3280
240617;120000;2371.6;2374.2;2371.1;2371.6;3592
240617;130000;2371.8;2374.3;2371.4;2373.1;1723
240617;140000;2373.1;2374.2;2370.6;2370.6;3374
240617;150000;2370.8;2372.9;2369.8;2372.8;5909
240617;160000;2372.6;2380.7;2372.3;2375.5;6749
240617;170000;2375.8;2383.4;2373.2;2379.6;4202
240617;180000;2379.5;2379.9;2365.8;2366.9;5200
240617;190000;2370;2372.4;2368.6;2371.8;1918
240617;200000;2371.8;2373.7;2368.8;2371.3;1227
240617;210000;2371.3;2374.6;2371.1;2373.9;945
240617;220000;2373.8;2375;2373.1;2374.6;521
240617;230000;2374.6;2374.7;2370.6;2374.1;295
240618;100000;2374;2374.4;2370.6;2371.3;2339
240618;110000;2371.2;2372.7;2366.1;2366.9;6951
240618;120000;2366.7;2370.7;2366.1;2368.3;3512
240618;130000;2368.4;2369.6;2363.4;2365.2;5672
240618;140000;2365.1;2373;2363.9;2373;5386
240618;150000;2372.7;2386;2372.6;2377.1;11737
240618;160000;2377.2;2389.7;2377.1;2389.4;8957
240618;170000;2389.2;2389.3;2384.3;2386;3490
240618;180000;2386;2391.4;2381;2389.6;4441
240618;190000;2390.1;2391;2387.7;2391;1863
240618;200000;2391;2393.6;2388.9;2391.1;2617
240618;210000;2391;2392.2;2389.3;2391.9;1055
240618;220000;2391.6;2392.2;2389.3;2391;1034
240618;230000;2391;2392.2;2390.1;2391.1;417
240619;100000;2391.1;2394;2388.1;2391.7;8368
240619;110000;2392;2396.2;2392;2393.9;5969
240619;120000;2393.7;2393.9;2386.9;2389;6832
240619;130000;2388.8;2388.8;2383.2;2386.2;10426
240619;140000;2386;2393;2383.9;2391.3;5135
240619;150000;2391.3;2395;2381.4;2387.5;10681
240619;160000;2387.5;2391;2385.6;2387.2;2212
240619;170000;2387.3;2387.6;2384;2385.7;1912
240619;180000;2385.6;2390.2;2384.5;2387.1;2813
240619;190000;2390.3;2392.4;2389;2389.2;1845
240619;200000;2389.1;2390;2388.7;2389.8;721
240619;210000;2389.5;2389.5;2386.6;2388;744
240619;220000;2387.9;2388;2384.8;2386.5;694
240619;230000;2386.2;2387.8;2385.7;2385.7;303
240620;100000;2393;2403.8;2389.9;2391.1;19314
240620;110000;2391;2394.5;2387;2391.5;12286
240620;120000;2391.6;2396.5;2390.1;2395.1;7956
240620;130000;2395.2;2402.5;2394;2401.8;14007
240620;140000;2401.2;2401.8;2397.5;2398.2;8269
240620;150000;2398.2;2403.7;2396;2398;11356
240620;160000;2398.3;2408;2397.2;2408;11406
240620;170000;2407.9;2422.4;2407.9;2422;28278
240620;180000;2422.1;2427.5;2413;2418.1;19940
240620;190000;2417;2417;2413.1;2415.6;8181
240620;200000;2415.7;2417.9;2415.1;2417.8;4200
240620;210000;2417.8;2422.8;2417.8;2418.7;4891
240620;220000;2418.7;2419.6;2417.5;2419;2004
240620;230000;2418.9;2419.8;2416;2416.1;3188
240621;100000;2414.7;2421.8;2411.2;2420.9;14435
240621;110000;2420.8;2426.6;2418.1;2421.3;14050
240621;120000;2421.3;2426.1;2421.3;2426;11623
240621;130000;2426.1;2426.6;2423.5;2425.8;7011
240621;140000;2425.8;2432.8;2425.8;2429.3;10637
240621;150000;2429.1;2430.6;2421.6;2422.1;16463
240621;160000;2422;2425.9;2400.6;2404.9;34350
240621;170000;2404.9;2404.9;2396.3;2398.8;34527
240621;180000;2398.6;2403.3;2392.6;2397.9;19997
240621;190000;2398.1;2399.9;2391.6;2392.2;9974
240621;200000;2392.2;2392.2;2382.6;2385.7;16747
240621;210000;2385.8;2390.5;2384;2389.5;5689
240621;220000;2389.6;2390.1;2384.8;2386.8;5656
240621;230000;2386.8;2387.4;2385.5;2385.5;2660
240624;100000;2385.6;2399.2;2385.5;2397.8;15432
240624;110000;2397.5;2399.5;2392.3;2393.8;10478
240624;120000;2393.7;2394.1;2387;2388.7;13807
240624;130000;2388.8;2395;2385.5;2389.5;14460
240624;140000;2389.1;2393.4;2384.5;2389.2;8834
240624;150000;2389.2;2390.9;2384;2390.9;10169
240624;160000;2390.7;2396.6;2387.3;2389.6;14017
240624;170000;2389.6;2395.4;2388.7;2392.3;7667
240624;180000;2392.3;2395.4;2387.6;2388.7;6676
240624;190000;2389;2393.8;2388.4;2393.7;6426
240624;200000;2393.7;2393.8;2390.6;2391.8;3091
240624;210000;2391.8;2394.7;2391.8;2393.3;1847
240624;220000;2393.3;2393.3;2390.2;2391.2;2266
240624;230000;2391.3;2393.4;2391.2;2391.9;1519
240625;100000;2386.2;2389.6;2384.4;2385.5;10014
240625;110000;2385.1;2390.4;2383.2;2389.9;6903
240625;120000;2390;2393.9;2389.5;2393.1;5643
240625;130000;2393;2395.9;2392.5;2393.6;9412
240625;140000;2393.3;2393.6;2386.8;2389;9219
240625;150000;2389.1;2389.9;2384.6;2385.4;10199
240625;160000;2385.3;2389.1;2379.1;2384.5;19338
240625;170000;2384.5;2390;2378.5;2387.9;17841
240625;180000;2388;2388.7;2378.5;2384.5;10906
240625;190000;2385.5;2387.2;2374.8;2376;13468
240625;200000;2375.9;2378.1;2372.9;2376.3;11540
240625;210000;2376.3;2377.6;2373.4;2377.3;4939
240625;220000;2377.4;2378.9;2377.2;2378.7;3087
240625;230000;2378.7;2379.1;2377;2378.5;2132
240626;100000;2376.8;2377.1;2369.4;2373.6;16002
240626;110000;2373.7;2375.7;2371.4;2372;7707
240626;120000;2372;2374.4;2372;2373;4545
240626;130000;2373;2373;2363.3;2363.4;16142
240626;140000;2363.3;2371.5;2360;2371;21000
240626;150000;2371.1;2374.8;2365.8;2365.8;16734
240626;160000;2365.8;2368.7;2354.2;2357;26919
240626;170000;2356.7;2361.6;2354.3;2357;14646
240626;180000;2357.6;2362.1;2355;2361;11558
240626;190000;2361;2363.3;2357.4;2358.8;6281
240626;200000;2358.8;2361.8;2358.4;2360.1;3857
240626;210000;2360.3;2360.3;2357.2;2357.2;2980
240626;220000;2357.2;2358.8;2355.6;2358;3150
240626;230000;2358.5;2358.5;2356.6;2357;1275
240627;100000;2358.6;2362.3;2357.3;2360.7;9945
240627;110000;2360.8;2369.7;2360.8;2368.5;17910
240627;120000;2368.4;2372.1;2368.2;2371.5;10260
240627;130000;2371.6;2374;2371.5;2373.3;17235
240627;140000;2372.6;2378.4;2371.5;2378.1;18203
240627;150000;2378.2;2386.9;2375.8;2381.6;39777
240627;160000;2381.6;2385.5;2379;2382.5;17588
240627;170000;2382.5;2389.5;2382.1;2386.8;19531
240627;180000;2386.9;2389;2383.1;2384;13049
240627;190000;2384;2388.5;2381.4;2383.4;7687
240627;200000;2383.4;2386.8;2382.6;2384.2;5314
240627;210000;2384.2;2385.3;2382.2;2385.3;3356
240627;220000;2385.3;2386.7;2384.9;2385.5;2694
240627;230000;2385.6;2388;2385.2;2387.8;2178
240628;100000;2385.6;2390.5;2384.7;2388.5;14284
240628;110000;2388.4;2394.7;2387.3;2392;20036
240628;120000;2392.1;2394.4;2389.4;2393.8;10758
240628;130000;2393.9;2403.3;2393;2401.5;27134
240628;140000;2400.8;2402;2397.1;2397.9;8087
240628;150000;2397.9;2405.1;2394.5;2400;23491
240628;160000;2400.5;2404.1;2388;2392.4;30403
240628;170000;2392.5;2395.5;2384.3;2388;18215
240628;180000;2388;2395.1;2386;2392.1;12758
240628;190000;2393.2;2395.8;2387.8;2391.5;12668
240628;200000;2391.4;2395.5;2387.6;2388.7;9574
240628;210000;2388.6;2390.9;2388;2388.2;4559
240628;220000;2388.2;2390.6;2386.3;2389.5;5117
240628;230000;2389.1;2391;2387.6;2390.8;3096
240701;100000;2389;2391.4;2385.5;2386.9;10839
240701;110000;2386.9;2391.1;2386;2390.5;4865
240701;120000;2390.7;2398.8;2390.1;2395.1;20316
240701;130000;2395.1;2399.4;2395;2399.2;5453
240701;140000;2399.2;2405;2398.7;2404;12457
240701;150000;2404;2404.5;2395.5;2395.5;13295
240701;160000;2395.6;2400.9;2391.5;2393.3;16810
240701;170000;2393.8;2399.8;2386.5;2392.5;16787
240701;180000;2392.5;2395.8;2390.5;2394.4;6697
240701;190000;2394.3;2397.5;2391.6;2393.6;4366
240701;200000;2393.6;2395.8;2392.4;2394.4;1740
240701;210000;2394.7;2397.8;2392.5;2396.8;2693
240701;220000;2396.9;2397.5;2395.4;2397.4;1571
240701;230000;2397.5;2401.1;2394.7;2398;2993
240702;100000;2396.5;2398.3;2389.1;2396.8;11202
240702;110000;2396.8;2396.8;2392.8;2395.4;6298
240702;120000;2395.4;2397.8;2390.5;2391.5;9978
240702;130000;2391.6;2392.9;2389.8;2390.5;7020
240702;140000;2390.7;2391.1;2382.5;2384.5;13480
240702;150000;2384.5;2392.3;2383.3;2391.2;11200
240702;160000;2391.2;2399.7;2388.4;2397.3;14751
240702;170000;2397.1;2398;2386.8;2390.4;15984
240702;180000;2390.8;2394.1;2387.3;2388.5;7188
240702;190000;2387.5;2390;2384.8;2387.8;7889
240702;200000;2387.7;2389.3;2386.5;2388.9;3911
240702;210000;2388.9;2391.8;2388.6;2391.8;2668
240702;220000;2391.7;2393.8;2391.5;2393.5;1437
240702;230000;2393.5;2394;2391.6;2394;2064
240703;100000;2400;2411.7;2400;2409.1;26252
240703;110000;2409.1;2412.3;2406.7;2408;11929
240703;120000;2408;2410.7;2405.4;2410.6;7208
240703;130000;2410.5;2413.8;2409.1;2410.1;8541
240703;140000;2410;2412.7;2406.6;2410.4;7407
240703;150000;2410.4;2420.4;2410.2;2416;21919
240703;160000;2416.1;2421.9;2412.9;2418.3;17471
240703;170000;2418.4;2426;2418.4;2423.4;23293
240703;180000;2423.5;2424.9;2421.1;2423.7;8643
240703;190000;2423.6;2424;2415.4;2416.8;10169
240703;200000;2416.9;2421.4;2414.2;2417.8;6936
240703;210000;2417.9;2419.4;2416.9;2418.4;2446
240703;220000;2418.2;2419.2;2416.1;2417.2;2763
240703;230000;2417.3;2420.7;2416.1;2420.3;2401
240704;100000;2417.3;2420.4;2414.7;2419.5;6814
240704;110000;2419.5;2422.9;2417.4;2422.2;8327
240704;120000;2422.1;2422.3;2418.9;2419.4;3764
240704;130000;2419.4;2421.7;2417.7;2421;4318
240704;140000;2421.1;2423.1;2420.9;2421.3;5108
240704;150000;2421.2;2422.7;2418.9;2420.2;3789
240704;160000;2420.3;2422.3;2419.5;2422.1;2489
240704;170000;2422.2;2426;2420.1;2422;10283
240704;180000;2421.9;2423.4;2418;2420;5528
240704;190000;2419.3;2420.9;2418.5;2420.2;2082
240704;200000;2420.1;2420.6;2418.1;2418.1;1157
240704;210000;2418.2;2420.5;2417.6;2417.8;1570
240704;220000;2417.9;2420.5;2416.1;2418.6;1489
240704;230000;2419.4;2420.6;2418.1;2420.3;659
240705;100000;2425.3;2429.9;2422.1;2428.5;13788
240705;110000;2428.4;2432.1;2428;2429.7;10290
240705;120000;2429.7;2430.2;2424.8;2425.2;5504
240705;130000;2425.3;2428;2424.5;2427.7;6080
240705;140000;2427.2;2427.2;2420.9;2424.9;13367
240705;150000;2424.9;2435;2406.4;2429.5;43757
240705;160000;2429.4;2443.9;2428.2;2440.9;34995
240705;170000;2440.8;2441;2432.7;2437.1;18688
240705;180000;2437.1;2444.4;2435.8;2440.5;10958
240705;190000;2442.3;2444.6;2439.9;2443.7;6499
240705;200000;2443.6;2447.8;2442.3;2443.1;7791
240705;210000;2443.1;2448.3;2442.1;2446.8;5887
240705;220000;2446.8;2449;2445.1;2446;4304
240705;230000;2445.9;2448.7;2445;2447.3;3488
240708;100000;2436.2;2441.4;2434.5;2438.8;14862
240708;110000;2438.7;2439.5;2431.2;2433.1;10201
240708;120000;2433;2435.6;2430.2;2431.2;10404
240708;130000;2431.2;2437.4;2430.7;2437.4;6993
240708;140000;2437.3;2438.2;2433.2;2437.9;8079
240708;150000;2437.9;2440.2;2433.3;2436.2;10891
240708;160000;2436.3;2440.2;2433.7;2438.4;8295
240708;170000;2438.3;2441.9;2435.4;2436;8244
240708;180000;2435.8;2437.1;2416.9;2418.2;20294
240708;190000;2418;2421.1;2414;2421;14692
240708;200000;2420.9;2422.3;2418.3;2419.4;5073
240708;210000;2419.3;2420.3;2415.6;2418.4;4389
240708;220000;2418.3;2420.7;2417;2420.7;2494
240708;230000;2420.6;2421;2420;2420;1373
240709;100000;2423.5;2424.6;2417.6;2418.5;9168
240709;110000;2418.4;2422.3;2417.7;2422.2;6996
240709;120000;2422;2426.2;2421.7;2425.1;7311
240709;130000;2425;2426.7;2421.5;2422.2;6473
240709;140000;2422.1;2422.1;2415.8;2418.8;7538
240709;150000;2418.7;2420.7;2415;2418.6;7717
240709;160000;2418.7;2425.5;2418.1;2425.5;9199
240709;170000;2425.5;2429.5;2412.4;2412.9;21732
240709;180000;2412.8;2417.2;2409;2416.1;18894
240709;190000;2418.1;2420;2414;2415;6434
240709;200000;2415.3;2419.8;2415.3;2419.3;3786
240709;210000;2419.2;2422.5;2418.3;2420.7;4796
240709;220000;2420.7;2422.3;2419.2;2419.6;1863
240709;230000;2420.1;2424.6;2420;2423.4;1981
240710;100000;2428.2;2432;2427.1;2428.8;15802
240710;110000;2428.6;2430.8;2426.5;2428.8;5287
240710;120000;2428.8;2430.3;2426.6;2429.5;5781
240710;130000;2429.5;2431.3;2427.8;2428.7;5301
240710;140000;2429;2436;2428.2;2435.7;7638
240710;150000;2435.7;2438.3;2432.6;2433.6;11644
240710;160000;2433.6;2440.6;2431.9;2437.9;13833
240710;170000;2438;2439.2;2427.6;2427.9;13462
240710;180000;2427.8;2435.2;2427.4;2433.4;7068
240710;190000;2434.4;2435.5;2429.4;2432.4;5534
240710;200000;2432.4;2432.8;2425.6;2428;8109
240710;210000;2427.8;2428.7;2425.1;2428.2;4315
240710;220000;2428;2428;2425.8;2428;2391
240710;230000;2427.7;2430.1;2427.6;2428.1;4742
240711;100000;2437;2437.8;2432.3;2433.3;8725
240711;110000;2433.4;2437;2433.3;2435.1;5184
240711;120000;2435.1;2437.6;2435.1;2436.9;3831
240711;130000;2436.9;2436.9;2434.1;2435.5;3299
240711;140000;2435.6;2437.1;2432.8;2434.5;4542
240711;150000;2434.5;2459.7;2431.5;2456.8;46126
240711;160000;2456.8;2463.4;2449;2457.3;38840
240711;170000;2457.4;2465.6;2454.1;2465.2;24087
240711;180000;2465.3;2473;2460.6;2466.1;37401
240711;190000;2466.3;2467.8;2458.7;2458.7;16988
240711;200000;2458.7;2465.2;2457.2;2462;9707
240711;210000;2462.1;2465;2461.7;2464.9;3402
240711;220000;2464.8;2467.7;2463.5;2463.7;4356
240711;230000;2463.7;2463.8;2461.2;2462.6;4146
240712;100000;2453.4;2456.2;2449.2;2454.8;20169
240712;110000;2454.7;2459.5;2454.4;2459.4;7214
240712;120000;2459.6;2460.5;2454.2;2456.7;7055
240712;130000;2456.7;2457.4;2451.4;2451.5;5722
240712;140000;2451.4;2454.1;2449.7;2453;5634
240712;150000;2453;2454.7;2441.5;2446.4;27872
240712;160000;2446.4;2454.7;2445.2;2454.3;15582
240712;170000;2454.4;2462.1;2454.4;2458.7;17883
240712;180000;2458;2465.8;2457.8;2462;11381
240712;190000;2462;2466;2462;2464.9;5964
240712;200000;2464.9;2467.9;2462.9;2467.7;6949
240712;210000;2467.8;2468.1;2462.7;2463.3;5184
240712;220000;2463.4;2464.2;2461.1;2461.7;3640
240712;230000;2461.8;2463;2460.3;2462.2;2862
240715;100000;2454.6;2456.8;2450.7;2456.3;16853
240715;110000;2456.3;2460.7;2455.3;2460.1;9630
240715;120000;2460.3;2462.9;2455.6;2462;9014
240715;130000;2462.1;2465.2;2460.6;2464.1;9293
240715;140000;2464.3;2468;2462.4;2463.5;21775
240715;150000;2463.6;2465.5;2457.8;2459.5;13355
240715;160000;2459.6;2462.8;2456.1;2462.8;13885
240715;170000;2462.7;2474.5;2461.7;2473.9;30651
240715;180000;2473.9;2478.7;2473.1;2476.1;24405
240715;190000;2475.7;2482.3;2470.5;2471;16716
240715;200000;2471;2471;2463.5;2465.3;12505
240715;210000;2465.3;2469.5;2463.6;2467.3;8888
240715;220000;2467.1;2467.9;2464.6;2466.2;2273
240715;230000;2466.2;2467.4;2465.7;2467.3;2493
240716;100000;2475.7;2484.3;2475.3;2479;18953
240716;110000;2479;2482.5;2476.6;2479.8;11467
240716;120000;2479.8;2487.7;2478.7;2487.6;16140
240716;130000;2487.6;2488.5;2484.1;2485.6;8715
240716;140000;2485.8;2487.3;2482.5;2485.3;9525
240716;150000;2485.1;2490.5;2474.5;2477.5;26844
240716;160000;2477.5;2490;2475.8;2485.4;24856
240716;170000;2485.3;2495;2483.8;2492.7;20486
240716;180000;2492.8;2505.4;2492.7;2503.8;30536
240716;190000;2502.1;2504.1;2497.8;2499.7;12838
240716;200000;2499.8;2509.5;2499.6;2508.1;15350
240716;210000;2508.2;2512.1;2507.1;2509.5;20495
240716;220000;2509.6;2512.4;2507.3;2512.4;5872
240716;230000;2512.3;2514.6;2510.9;2514.5;6392
240717;100000;2510.5;2517.9;2507.5;2517.8;22696
240717;110000;2517.8;2524.9;2515.3;2518;33904
240717;120000;2518;2521.7;2514.1;2521.4;13778
240717;130000;2521.2;2521.5;2511.1;2512.4;9938
240717;140000;2512.5;2517.4;2512.5;2513.4;8600
240717;150000;2513.4;2519.4;2512;2518.4;13433
240717;160000;2517.9;2528;2515.8;2527.5;26558
240717;170000;2527.7;2529.2;2504.7;2507;55397
240717;180000;2506.9;2509.4;2499.8;2504.8;27064
240717;190000;2505;2517.1;2494.4;2498.1;24873
240717;200000;2498.2;2502.9;2497;2497.3;7651
240717;210000;2497.2;2505.1;2496.1;2503.8;7113
240717;220000;2503.8;2507.4;2503.3;2504.2;4925
240717;230000;2504.1;2504.1;2502;2502.5;2442
240718;100000;2512.6;2519.4;2512.6;2515.3;17326
240718;110000;2515.2;2517.3;2508.6;2509;10499
240718;120000;2509;2511.1;2507.2;2507.6;7313
240718;130000;2507.5;2507.5;2500.9;2502;18926
240718;140000;2502;2503.3;2500.1;2501.4;10826
240718;150000;2501.5;2504.9;2498.1;2499.8;17396
240718;160000;2500.1;2502.2;2491.3;2500.9;23753
240718;170000;2501;2507.4;2496.6;2506.1;21553
240718;180000;2506;2506.5;2497.1;2497.1;8845
240718;190000;2496.6;2497.4;2491;2491.8;11022
240718;200000;2491.7;2494.7;2488;2493.8;14924
240718;210000;2493.6;2493.8;2486.5;2488.4;8914
240718;220000;2488.4;2488.4;2479.1;2482.6;20440
240718;230000;2482.6;2485.5;2481.5;2484.6;5461
240719;100000;2461.9;2466.7;2458.4;2461.9;31470
240719;110000;2461.8;2466.9;2459.6;2465.2;13544
240719;120000;2465.3;2466.6;2454;2459;24742
240719;130000;2459.3;2459.3;2451.2;2454;17274
240719;140000;2453.8;2456.1;2450.2;2453.1;12545
240719;150000;2453.3;2454.6;2449;2451.7;39414
240719;160000;2451.6;2455.5;2441.1;2453.5;47679
240719;170000;2453.5;2455;2445.3;2447.7;20451
240719;180000;2447.7;2457.7;2447.5;2455.2;14546
240719;190000;2455.9;2456;2449.9;2450.6;6898
240719;200000;2450.6;2451.6;2443.7;2445.3;13505
240719;210000;2445.3;2446.9;2443.8;2445;4355
240719;220000;2445;2447.3;2443.3;2444.6;6664
240719;230000;2444.7;2448;2444.3;2446.7;4732
240722;100000;2447.9;2449.8;2443.5;2447;12199
240722;110000;2447;2451.2;2444.5;2445.2;8726
240722;120000;2445.2;2450.2;2443.9;2449.2;7339
240722;130000;2449.4;2452.7;2448.4;2450.1;6141
240722;140000;2450.1;2450.2;2439;2439.1;16914
240722;150000;2439.1;2441.6;2431;2436.8;27914
240722;160000;2437.2;2443.7;2433.9;2435.5;12351
240722;170000;2435.4;2437.9;2425.3;2429.5;21642
240722;180000;2429.5;2433.1;2425.9;2428.2;10189
240722;190000;2428.8;2436.7;2427.8;2435;11296
240722;200000;2435.2;2439.1;2432.9;2437.5;8454
240722;210000;2437.5;2441.6;2435.2;2440.9;5900
240722;220000;2440.8;2445;2439.7;2443.8;7467
240722;230000;2443.6;2443.9;2440.7;2441.1;2619
240723;100000;2434.8;2442.4;2432.9;2441;13962
240723;110000;2441;2449.2;2438.1;2445;20206
240723;120000;2445;2452;2444.1;2449.7;23081
240723;130000;2449.8;2451;2447.7;2449;8249
240723;140000;2449;2455.9;2447.8;2450.5;16468
240723;150000;2450.8;2452.7;2445.3;2448.7;14337
240723;160000;2448.5;2450.6;2441.2;2443.8;15939
240723;170000;2443.7;2450.9;2442.2;2445.2;17542
240723;180000;2445;2450;2444.4;2448.6;5904
240723;190000;2447.4;2449.5;2444.1;2448.2;5306
240723;200000;2448.1;2452.3;2446;2447.8;8619
240723;210000;2447.9;2448.8;2446.3;2447.9;2315
240723;220000;2447.9;2451.4;2447.7;2449.3;3092
240723;230000;2449.4;2451.9;2447.9;2451.3;2321
240724;100000;2457.5;2460.5;2454.8;2458.7;18996
240724;110000;2458.6;2459;2453.6;2454.3;7030
240724;120000;2454.4;2457.8;2452.5;2456.3;8749
240724;130000;2456.4;2458.8;2454.1;2456.3;6156
240724;140000;2456.2;2459.6;2453.6;2459.6;5992
240724;150000;2459.6;2464.3;2458.2;2463.8;13741
240724;160000;2463.7;2467.4;2456.3;2462;21498
240724;170000;2461.9;2469.3;2459.6;2466.2;32539
240724;180000;2466.1;2466.9;2459.8;2461.4;19815
240724;190000;2460;2460.7;2455.3;2455.5;8992
240724;200000;2455.3;2456.2;2445.3;2446.5;15974
240724;210000;2446.5;2448.8;2442.6;2447.3;12389
240724;220000;2447.2;2447.5;2437.2;2437.2;9526
240724;230000;2437.1;2438.9;2435.1;2435.4;6721
240725;100000;2410.3;2418.5;2405;2413.9;41191
240725;110000;2413.9;2417.2;2411.1;2414.5;11969
240725;120000;2414.5;2415.6;2410.1;2413.4;8580
240725;130000;2413.4;2421.7;2411.3;2420.3;9333
240725;140000;2420.3;2420.9;2404.4;2405.1;18461
240725;150000;2405.1;2414;2400.1;2410.4;30160
